Model,MSE,Training Time,Inference Time
LinearRegression,3.6189120934994596,0.07759428024291992,0.012178182601928711
RandomForest,3.6622595933276525,5.3970887660980225,0.007269620895385742
DecisionTree,3.6083938385070304,0.07346415519714355,0.002513408660888672
SVR,2.818051207795346,0.10207438468933105,0.09703898429870605
XGBoost,3.6082860039214806,0.45035409927368164,0.03336930274963379
BasicNN,3.320022493360749,0.5629494190216064,0.0003654956817626953
