Model,MSE,Training Time,Inference Time
LinearRegression,3.6673830588565033,0.10159158706665039,0.01237177848815918
RandomForest,3.668605141669033,5.580849885940552,0.00747370719909668
DecisionTree,3.6083938385070304,0.07640743255615234,0.002506256103515625
SVR,2.8635998662092232,0.10527205467224121,0.10811209678649902
XGBoost,3.6082860039214806,0.4381687641143799,0.0423121452331543
BasicNN,3.199329559241855,0.3834073543548584,0.0003063678741455078
