Model,Target,Training Time,Inference Time,Total Time
RandomForest,Function Input,0.07937908172607422,0.004067659378051758,0.10480761528015137
LinearRegression,Function Input,0.001253366470336914,0.0004913806915283203,0.0027456283569335938
DecisionTree,Function Input,0.0011544227600097656,0.0005025863647460938,0.0029468536376953125
SVR,Function Input,0.0052874088287353516,0.001773834228515625,0.008658170700073242
XGBoost,Function Input,0.9485158920288086,0.002044677734375,0.9535412788391113
BasicNN,Function Input,0.3301961421966553,0.0002551078796386719,1.0018725395202637
